Amino acid substitutions,"Reported MIC (mg/L)",References
B434N,>128,1
L461K,>128,"2, 3, 4, 5"
L461K+H457Q,>128,4
L461K+C473S,>128,4
H457Y+A67T,>128,"3, 4"
H457Y+A70V,>128,4
H457Y+R76C,>128,4
L461K+H457Q+A655V+V90I,>128,2
L461F+A376V +A655P+ D463G,>128,6
H457Q+L461F,128,4
V90I+H457Q+L461K,128,5
H457Y,48-96,"1, 2, 3, 4, 5,  7, 8"
L461S+P404L+A71V,96,3
L461S+V90I,16-64,7
H457Y +M161I,16-64,4
H457Y+S416F,64,2
H557Y +D373N,64,7
Q115L,48,1
T436I,8-48,"1, 2"
G452S,8-32,"1, 2, 3"
L456F+A376V,32,4
L461F+E444V,32,4
E444K,16,4
G556S,16,8
R659L,16,4
P404L,4-16,"1, 2, 4, 7"
G451V,3-16,"3, 4"
H457Y+R659L,16,8
H457Y+G556S,2-16,8
L461S+E233Q+V90I,16,7
A655E,12,1
G452C,12,1
P114H,12,1
R659C,12,1
R659S,12,1
H438N,8,1
P478S,8,4
R659H,8,1
A67T+P406L,8,2
A71V +P404L,8,4
F652S+Y654N,8,2
A71V + D189G+P406L,8,6
L456F,4-8,"1, 2"
M453I,4-8,"4, 6"
L461S,2-8,"4, 5, 6, 7"
R464C,2-8,"1, 2"
V90I,1-8,"5, 6, 7"
P406L,6,1
R464S,6,1
R464H,6,1
G617D,4,1
G664S,4,1
H457Q,4,"7, 9"
T385N,4,1
T656K,4,7
M651I,2,4
P404Q,2,7
A376V,Not described,5
F441Y,Not described,5
A70V+A160V+H457Y,Not described,5
V607I,0.19,3
V90A,Not described,5
T387I+E449K,Not described,5
D189V+L430S,Not described,5
